id,consecutivo,nombre_asignado,especie,nombre_comun,categorias,fecha_decreto,alcaldia,colonia,calle,numero,cp,tipo_ubicacion,latitud,longitud,altura_m,diametro_cm,circunferencia_cm,ancho_copa_m,largo_copa_m,extension_copa_m,edad_estimada_anios,expectativa_vida,categoria_riesgo_uicn,co2_absorbido_kg_anio,precipitacion_interceptada_l_anio,escorrentia_reducida_l_anio,link_decreto
25-MIH-TAX-19405GIMNO-0001,0001,Tacuba,Taxodium mucronatum,Ahuehuete,"CENTENARIO; HISTORICO; NOTABLE",2026-06-01,Miguel Hidalgo,Tacuba,Avenida Marina Nacional,S/N,11410,Banqueta,19.457671,-99.188791,16.8,331,1039.87,14.5,18.5,16.5,,Más de 40 años,Preocupación menor (LC),2.9,134738.05,185.83,https://data.consejeria.cdmx.gob.mx/portal_old/uploads/gacetas/457bffaf649c8b51dbfbc7131482d624.pdf
25-CUH-TAX-19405GIMNO-0002,0002,Jardin San Fernando,Taxodium mucronatum,Ahuehuete,NOTABLE,2026-05-28,Cuauhtémoc,Guerrero,Eje 1 Poniente Guerrero,S/N,06300,Jardín público,19.438349,-99.148823,25.4,158.3,497.31,17,16.8,16.9,,Más de 40 años,Preocupación menor (LC),3.78,,,https://data.consejeria.cdmx.gob.mx/portal_old/uploads/gacetas/1bb36c95f11d05d5a3065f523946912c.pdf
25-COY-TAX-19405GIMNO-0003,0003,San Diego Churubusco,Taxodium mucronatum,Ahuehuete,"HISTORICO; NOTABLE",2026-06-02,Coyoacán,San Diego Churubusco,Calle 20 de agosto,S/N,04120,Plaza,19.354239,-99.148478,17.8,366,1149.82,20.5,21.41,20.96,,Más de 40 años,Preocupación menor (LC),5.61,58965.9,82.88,https://data.consejeria.cdmx.gob.mx/portal_old/uploads/gacetas/90a06c2e8dfc47f3a1a0aa998813a156.pdf
25-CUH-TAX-19405GIMNO-0004,0004,Jardín Ramón López Velarde,Taxodium mucronatum,Ahuehuete,NOTABLE,2026-06-29,Cuauhtémoc,Roma Sur,Eje 1 Poniente Avenida Cuauhtémoc,S/N,06760,Jardín público,19.409119,-99.155441,25.6,144,452.39,17.6,19.7,18.65,,Más de 40 años,Preocupación menor (LC),4.51,,,https://data.consejeria.cdmx.gob.mx/portal_old/uploads/gacetas/cb9e153b7cd0b722dfc3bc41e3d9e703.pdf
25-CUH-TAX-19405GIMNO-0005,0005,Parque España,Taxodium mucronatum,Ahuehuete,"CENTENARIO; HISTORICO; NOTABLE",2026-06-01,Cuauhtémoc,Condesa,Avenida Sonora,S/N,06140,Parque,19.41616,-99.170486,29.8,149.5,469.67,18.5,23.3,20.9,,Más de 40 años,Preocupación menor (LC),4.66,,,https://data.consejeria.cdmx.gob.mx/portal_old/uploads/gacetas/457bffaf649c8b51dbfbc7131482d624.pdf
25-AZC-TAX-19405GIMNO-0006,0006,Viejo del Agua,Taxodium mucronatum,Ahuehuete,"CENTENARIO; HISTORICO; NOTABLE",2025-08-04,Azcapotzalco,Santa Catarina,Calle Central,S/N,02250,Jardinera,19.491067,-99.177133,27,440,1382.3,30,24,27,600,Más de 40 años,Preocupación menor (LC),4.14,,,https://data.consejeria.cdmx.gob.mx/portal_old/uploads/gacetas/268f422dad19d8fcaea245ed0db75c7c.pdf
25-COY-FRA-30222ANGIO-0008,0008,Santa Catarina,Fraxinus uhdei,Fresno Mexicano,NOTABLE,2026-06-03,Coyoacán,Santa Catarina,Avenida Francisco Sosa,202-A,04010,Banqueta,19.349388,-99.170505,24.6,182.5,573.34,28.2,26.5,27.35,,Más de 40 años,Preocupación menor (LC),3.19,37486.63,52.69,https://data.consejeria.cdmx.gob.mx/portal_old/uploads/gacetas/e369ce73da8174d0533ee6abc15e2936.pdf
25-COY-TAX-19405GIMNO-0009,0009,Río Magdalena,Taxodium mucronatum,Ahuehuete,NOTABLE,2026-06-02,Coyoacán,Santa Catarina,Callejón del Río,S/N,04010,Camellón,19.351499,-99.177512,26.2,107.3,337.09,12.7,13.1,12.9,,Más de 40 años,Preocupación menor (LC),3.19,70247.16,98.74,https://data.consejeria.cdmx.gob.mx/portal_old/uploads/gacetas/90a06c2e8dfc47f3a1a0aa998813a156.pdf
25-AZC-TAX-19405GIMNO-0010,0010,Glorieta de Ahuehuetes,Taxodium mucronatum,Ahuehuete,NOTABLE,2026-05-28,Azcapotzalco,San Juan Tihuaca,Glorieta de los Ahuehuetes,S/N,02400,Glorieta,19.488362,-99.200791,23.6,89.5,281.17,14.4,14.2,14.3,,Más de 40 años,Preocupación menor (LC),179.5,,,https://data.consejeria.cdmx.gob.mx/portal_old/uploads/gacetas/1bb36c95f11d05d5a3065f523946912c.pdf
25-CUH-TAX-19405GIMNO-0011,0011,Juarista,Taxodium mucronatum,Ahuehuete,NOTABLE,2026-05-29,Cuauhtémoc,Tabacalera,Avenida Paseo de la Reforma,S/N,06030,Plaza,19.431763,-99.158199,24,111.4,349.97,10.1,9.78,9.94,,Más de 40 años,Preocupación menor (LC),3.45,,,https://data.consejeria.cdmx.gob.mx/portal_old/uploads/gacetas/cb9e153b7cd0b722dfc3bc41e3d9e703.pdf
25-BJU-FIC-75040ANGIO-0012,0012,Laureano,Ficus microcarpa,Laurel de la India,SINGULAR,2025-08-04,Benito Juárez,Tlacoquemecatl del Valle,Miguel Laurent,48,03200,Banqueta,19.37758,-99.17546,23,90,282.74,19.9,20.1,20,35,Más de 40 años,Preocupación menor (LC),9.97,,,https://data.consejeria.cdmx.gob.mx/portal_old/uploads/gacetas/268f422dad19d8fcaea245ed0db75c7c.pdf
24-BJU-FRA-30222ANGIO-0013,0013,Eugenio,Fraxinus uhdei,Fresno Mexicano,NOTABLE,2024-06-13,Benito Juárez,Del Valle,Cerrada de Eugenia,28,03100,Predio privado,19.38827,-99.16593,30,122,383.27,22,19,20.5,,21 a 40 años,Preocupación menor (LC),8.29,,,https://data.consejeria.cdmx.gob.mx/portal_old/uploads/gacetas/e19503612c79869c1b1cfec16f4b3994.pdf
26-TLP-QUE-14751ANGIO-0014,0014,Diamante Tepeximilpa,Quercus (Quercus) crassipes,Encino,"CENTENARIO; HISTORICO",2026-09-28,Tlalpan,Diamante,Av. De las Torres,S/N,14227,Arriate,19.270541,-99.193133,14.6,184.2,578.68,10.97,16.27,13.62,,Más de 40 años,Preocupación menor (LC) (En IUCN Red List 2024-2 como Quercus crassipes.),1.28,152199.16,208.42,https://data.consejeria.cdmx.gob.mx/portal_old/uploads/gacetas/5f0aef1366b85e11e13bfa391ef47c0b.pdf
26-AZC-TAX-19405GIMNO-0018,0018,Los Gemelos de San Álvaro,Taxodium mucronatum,Ahuehuete,"CENTENARIO; NOTABLE",2026-09-28,Azcapotzalco,San Álvaro,Franklin,4,02090,Banqueta,19.459573,-99.180872,24,149.8,470.61,16.5,18.24,17.37,,Más de 40 años,Preocupación menor (LC),4.33,0.1,0.1,https://data.consejeria.cdmx.gob.mx/portal_old/uploads/gacetas/5f0aef1366b85e11e13bfa391ef47c0b.pdf
26-AZC-TAX-19405GIMNO-0019,0019,Los Gemelos De San Álvaro,Taxodium mucronatum,Ahuehuete,"CENTENARIO; NOTABLE",2026-09-28,Azcapotzalco,San Álvaro,Franklin,4,02090,Banqueta,19.459657,-99.180813,24,136,427.26,14.4,23.02,18.71,,Más de 40 años,Preocupación menor (LC),24.79,0.1,0.1,https://data.consejeria.cdmx.gob.mx/portal_old/uploads/gacetas/5f0aef1366b85e11e13bfa391ef47c0b.pdf
26-COY-TAX-19405GIMNO-0021,0021,Atlahuitl,Taxodium mucronatum,Ahuehuete,"CENTENARIO; NOTABLE",2026-09-28,Coyoacán,Parque San Andrés,Escocia,62,04040,Banqueta,19.348509,-99.14739,25.2,144.2,453.02,18.1,18.14,18.12,,Más de 40 años,Preocupación menor (LC),4.4,50125.43,70.46,https://data.consejeria.cdmx.gob.mx/portal_old/uploads/gacetas/5f0aef1366b85e11e13bfa391ef47c0b.pdf
26-BJU-TAX-19405GIMNO-0023,0023,Ahuehuetlan,Taxodium mucronatum,Ahuehuete,"CENTENARIO; HISTORICO; NOTABLE",2026-09-28,Benito Juárez,Narvarte Oriente,Caleta,S/N,03023,Parque,19.400856,-99.149214,27.8,139.9,439.51,17.55,18.3,17.93,,Más de 40 años,Preocupación menor (LC),11.92,0.1,0.1,https://data.consejeria.cdmx.gob.mx/portal_old/uploads/gacetas/5f0aef1366b85e11e13bfa391ef47c0b.pdf
26-XOC-TAX-19405GIMNO-0024,0024,San Cristóbal Xallan,Taxodium mucronatum,Ahuehuete,"CENTENARIO; NOTABLE",2026-09-28,Xochimilco,San Cristóbal,Callejon Las Flores,S/N,16080,Plaza,19.260977,-99.099054,20.4,122.4,384.53,13.4,14.63,14.02,,Más de 40 años,Preocupación menor (LC),50.02,47420.25,65.1,https://data.consejeria.cdmx.gob.mx/portal_old/uploads/gacetas/5f0aef1366b85e11e13bfa391ef47c0b.pdf
26-XOC-TAX-19405GIMNO-0025,0025,Molotla,Taxodium mucronatum,Ahuehuete,"HISTORICO; NOTABLE",2026-09-28,Xochimilco,San Antonio,Francisco I. Madero,S/N,16607,Banqueta,19.262091,-99.106944,28.8,160,502.65,15.62,16.1,15.86,,Más de 40 años,Preocupación menor (LC),2.2,69591.34,95.54,https://data.consejeria.cdmx.gob.mx/portal_old/uploads/gacetas/5f0aef1366b85e11e13bfa391ef47c0b.pdf
26-MAC-CUP-19282GIMNO-0026,0026,Cedro de Padierna,Cupressus lusitanica,Cedro blanco,"CENTENARIO; NOTABLE",2026-09-28,La Magdalena Contreras,Tierra Unida,Andador Principal,"Manzana 22, Lote 7",10369,Banqueta,19.303763,-99.269724,28.2,227,713.14,14.93,19.89,17.41,,Más de 40 años,Preocupación menor (LC),3.59,45948.45,63.1,https://data.consejeria.cdmx.gob.mx/portal_old/uploads/gacetas/5f0aef1366b85e11e13bfa391ef47c0b.pdf
26-XOC-TAX-19405GIMNO-0027,0027,Tlanahuac,Taxodium mucronatum,Ahuehuete,"HISTORICO; NOTABLE",2026-09-28,Xochimilco,San Pedro,Cuitláhuac,8,16090,Banqueta,19.257793,-99.106517,17.65,130.2,409.04,14.8,20.5,17.65,,Más de 40 años,Preocupación menor (LC),33.3,51669.12,70.94,https://data.consejeria.cdmx.gob.mx/portal_old/uploads/gacetas/5f0aef1366b85e11e13bfa391ef47c0b.pdf
26-XOC-OLE-57117ANGIO-0028,0028,Teuhtli,Olea europaea,Olivo,"CENTENARIO; HISTORICO; NOTABLE",2026-09-28,Xochimilco,Guadalupita,Las Ánimas,S/N,16740,Banqueta,19.255517,-99.016689,9.5,30.7,96.45,8.77,8.8,8.79,,Más de 40 años,,31.24,12015.81,16.5,https://data.consejeria.cdmx.gob.mx/portal_old/uploads/gacetas/5f0aef1366b85e11e13bfa391ef47c0b.pdf
